{"cameraMode":{"drawMode":0,"name":"Shaded","section":"Shading Mode"},"sceneLighting":true,"audioPlay":false,"sceneViewState":{"m_AlwaysRefresh":false,"showFog":true,"showSkybox":true,"showFlares":true,"showImageEffects":true,"showParticleSystems":true,"showVisualEffectGraphs":true,"m_FxEnabled":true},"in2DMode":false,"pivot":{"x":0.2774442732334137,"y":1.4813605546951295,"z":2.372741937637329},"rotation":{"x":-0.03325600549578667,"y":-0.05334826558828354,"z":0.0017777802422642708,"w":-0.9980230331420898},"size":0.8825652003288269,"orthographic":false}